month,ps_zscore,high_conviction,V,phi,H,entropy_gap,fwd_1m,fwd_3m,fwd_6m,ret,vix_close,mkt_fwd_1m,mkt_fwd_3m,mkt_fwd_6m,sec_fwd_1m,sec_fwd_3m,sec_fwd_6m,momentum
2017-01,-0.6951,False,0,0.0,1.0,0.0,0.10653228106380186,0.14057947616860123,0.200161937615152,0.021739173743256845,11.989999771118164,0.03929139618421873,0.05091990830044968,0.09459067727453419,0.04532707116354939,0.09004450089179428,0.15038601406289853,
2017-02,-0.6951,False,0,0.0,1.0,0.0,0.046153793743145544,0.16923077284530041,0.061538430814947365,0.10653228106380186,12.920000076293945,-0.003086980749867907,0.025459444738082038,0.05628186830795423,0.01833817361240775,0.08400633213840814,0.13265608707548093,
2017-03,-0.6951,False,3,0.0,1.0,0.0,-0.014705791530417178,-0.007352951910041594,0.03676475955020808,0.046153793743145544,12.369999885559082,0.014320071730805628,0.030168846279564177,0.07556399545385029,0.024000117768420592,0.030402437365463664,0.11736394598523048,
2017-04,-0.6951,False,3,0.0,1.0,0.0,0.13432831398349054,0.05223876344566403,0.33582078495872625,-0.014705791530417178,10.819999694824219,0.014112654670012104,0.04155480225387387,0.09075260100465843,0.039536609165892855,0.05535692636560907,0.1664112679755103,0.05814174951673475
2017-05,-0.6951,False,3,0.0,1.0,0.0,-0.11184216210785425,-0.09210529224122777,0.24342109361263908,0.13432831398349054,10.40999984741211,0.0014913219159966573,0.030057184346032217,0.10844924749901841,-0.032018443948957476,0.044879585565798186,0.13791266856726603,0.03992986425494677
2017-06,-0.6951,False,0,0.0,1.0,0.0,0.04444450980350023,0.04444450980350023,0.548148049271628,-0.11184216210785425,11.180000305175781,0.02553085889671003,0.04406573673648717,0.1145250679072205,0.048799554132657796,0.08439567441446494,0.17757789977076333,0.05880955420065552
2017-07,-0.6951,False,0,0.0,1.0,0.0,-0.021276625702145613,0.2695034923294821,0.34893607665329895,0.04444450980350023,10.260000228881836,0.002917967848280467,0.047234959355305195,0.15389626411412594,0.02921632883607228,0.1052291777648584,0.20627466657711624,0.03036760148257056
2017-08,-0.6951,False,0,0.0,1.0,0.0,0.021739161708904442,0.36956530640226637,0.3015195147946059,-0.021276625702145613,10.59000015258789,0.015111384825953866,0.0761045739443642,0.10870558720973067,0.004589453938214971,0.08903713335646324,0.16723811893822838,0.03415182415927779
2017-09,-0.6951,False,0,0.0,1.0,0.0,0.2695034923294821,0.4822693161199092,0.19864617469456403,0.021739161708904442,9.510000228881836,0.028643819584865948,0.06748553150587355,0.05802523090692002,0.06894918174594777,0.08593009687779651,0.11503387615880167,0.012850339698286547
2017-10,-0.6951,False,5,0.0,1.0,0.0,0.05586600281317855,0.06256980370968623,-0.011119793339641526,0.2695034923294821,10.180000305175781,0.030565875261576503,0.10185040501749798,0.038019983420106485,0.014137902716286455,0.09142491968643607,0.04701528551239664,0.008781234359246362
2017-11,-0.6951,False,14,0.0,1.0,0.0,0.1058199279723524,-0.04968422556381136,-0.23805411422242628,0.05586600281317855,11.279999732971191,0.006980866363849092,0.030295395126767488,0.03171786911108976,0.0017233477386495721,0.07180745558303059,0.1024461568377073,0.056149448335896246
2017-12,-0.6951,False,14,0.0,1.0,0.0,-0.08995210115772523,-0.19134386601739606,-0.28225784589875713,0.1058199279723524,11.039999961853027,0.061758286905731596,-0.008862228404733608,0.02585132215170538,0.07435808086571782,0.0268007852113894,0.09377919734797491,0.04307239647417758
2018-01,-0.6951,False,9,0.0,1.0,0.0,-0.055679810718206824,-0.06935035871719641,-0.006255410626289426,-0.08995210115772523,13.539999961853027,-0.03635986262588242,-0.057930206593133526,0.006474688520577754,-0.004090390905738817,-0.04068959153580454,0.043007469651032526,0.07934941148754536
2018-02,-0.6951,False,0,0.0,1.0,0.0,-0.05902007323241665,-0.1982182067538263,0.10244988068804295,-0.055679810718206824,19.850000381469727,-0.03129066028278693,0.0013806467456329852,0.07778923955810124,-0.04034039447587523,0.028586012436357056,0.11640198069259489,0.05694997632734111
2018-03,-0.6951,False,0,0.0,1.0,0.0,0.04733732301837912,-0.11242600663104196,0.18934911135670518,-0.05902007323241665,19.969999313354492,0.009194118778641291,0.03502394071872228,0.11417443389489268,0.0037418204544132916,0.06523019177746003,0.15917680202743223,0.051216112157997574
2018-04,-0.6951,False,0,0.0,1.0,0.0,-0.18644063117320342,0.06779667158517055,-0.05084746055167477,0.04733732301837912,15.930000305175781,0.024309016961535646,0.06836531174702021,0.03238364774495839,0.06782818629612564,0.08724711047473321,0.06601423251203697,0.03775623966777739
2018-05,-0.6951,False,0,0.0,1.0,0.0,0.04166659596958788,0.3749998939543817,0.14583329798479383,-0.18644063117320342,15.430000305175781,0.001254978777143867,0.0763032449855976,0.026578694090446886,-0.006151772167136471,0.08537542528721809,-0.021290151965054793,0.0007285447825935617
2018-06,-0.6951,False,0,0.0,1.0,0.0,0.2600000855151925,0.33999995520632775,0.03333331297257325,0.04166659596958788,16.09000015258789,0.04170343013854039,0.07647213756351201,-0.07041197281308631,0.024487854714972945,0.08819371716568725,-0.10162040343348866,-0.03965589421513677
2018-07,-0.6951,False,0,0.0,1.0,0.0,0.04761896682238609,-0.11111116497555218,-0.13756617347576494,0.2600000855151925,12.829999923706055,0.03191961279697875,-0.03367917659477693,-0.030550309581065305,0.06598993059523983,-0.01952902680369062,-0.05818665719917049,-0.05034811621559752
2018-08,-0.6951,False,0,0.0,1.0,0.0,0.01515149061203136,-0.16666662810462063,-0.055482609018567386,0.04761896682238609,12.859999656677246,0.001412094845782752,-0.046199387697484884,-0.03008399145827101,-0.0035711403196895253,-0.09827528315748113,-0.05543811075325478,0.007977248229888767
2018-09,-0.6951,False,0,0.0,1.0,0.0,-0.16417907045985614,-0.228855710809733,-0.059628843084099103,0.01515149061203136,12.119999885559082,-0.06489013395748122,-0.13644952363472784,-0.018245137602180495,-0.07692850262317086,-0.17443045075978414,-0.01004658521195334,0.02519371115332092
2018-10,-0.6951,False,0,0.0,1.0,0.0,-0.01785711364049114,-0.029761886366235224,0.19056798703165034,-0.16417907045985614,21.229999542236328,0.01854946586408479,0.0032379174058214666,0.09758552039403612,-0.019624757284362637,-0.03942761331266853,0.14440146952722221,0.03755563846072892
2018-11,-0.6951,False,0,0.0,1.0,0.0,-0.06060611389179438,0.1334208167292883,0.2061536137849005,-0.01785711364049114,18.06999969482422,-0.0933431155444222,0.01689598017798577,0.008877493139963777,-0.08772454700287169,0.04750582035083295,0.06616575790569046,0.002302906214356378
2018-12,-0.6951,False,0,0.0,1.0,0.0,0.051612951532293394,0.21944903190987652,0.36139538728284637,-0.06060611389179438,25.420000076293945,0.08637271384853196,0.13688184914224766,0.18441561358276592,0.07401852712994539,0.19911570829994374,0.2686663610569904,0.03040015913647509
2019-01,-0.6951,False,0,0.0,1.0,0.0,0.14732783299280583,0.22708845416585355,0.21481756775050553,0.051612951532293394,16.56999969482422,0.03241597977864874,0.09404309920041598,0.11211469656943196,0.0691008685082728,0.19137452355241136,0.2268745640645189,0.01335470749291138
2019-02,-0.6951,False,10,0.0,1.0,0.0,0.010695187602430378,0.06417104396008622,-0.08021402949997314,0.14732783299280583,14.779999732971191,0.013635391849020628,-0.007885257877229934,0.05916028227541914,0.04431288564957492,0.017813683888274534,0.12995857347004636,-0.02137648150423847
2019-03,-0.6951,False,10,0.0,1.0,0.0,0.05820093936646087,0.1164020403137771,-0.03703715971879762,0.010695187602430378,13.710000038146973,0.0454371944123666,0.04181064591398065,0.060347395569147144,0.06708493783306868,0.05800161925628733,0.09561640100467894,-0.004758337142501845
2019-04,-0.6951,False,10,0.0,1.0,0.0,-0.004999962589988249,-0.01000000152693925,-0.085000051152465,0.05820093936646087,13.119999885559082,-0.06377078353666787,0.016518176827058806,0.041469654783446774,-0.08664700149877846,0.029797548806276497,0.07009573172701322,-0.0055010543107686756
2019-05,-0.6951,False,2,0.0,1.0,0.0,0.0603015144781458,-0.13567844594113476,-0.08040209603480741,-0.004999962589988249,18.709999084472656,0.06440928399471524,0.06757841336899761,0.15267589354132527,0.08554713059717467,0.11018213977370905,0.2344847192030184,0.03156228066028416
2019-06,-0.6951,False,2,0.0,1.0,0.0,-0.06161141727890174,-0.13744080939645087,-0.09004736695619653,0.0603015144781458,15.079999923706055,0.02005668210362943,0.017792820343954352,0.10893834595646301,0.03863872545019431,0.035552669356812894,0.18247700108083253,0.033705139168701305
2019-07,-0.6951,False,2,0.0,1.0,0.0,-0.13131315156638135,-0.07575762600121527,0.14646470761388208,-0.06161141727890174,16.1200008392334,-0.016743503218566103,0.02454602241769166,0.09203826121374803,-0.015351913179229237,0.03913214103825524,0.18780501443785957,0.05385641056369134
2019-08,-0.6951,False,0,0.0,1.0,0.0,0.05813954520645814,0.06395345533933394,0.011694668247581586,-0.13131315156638135,18.979999542236328,0.014771480568352313,0.07971075389561522,0.02270963258740455,0.012573692666024483,0.11196593331491167,0.11825094766796584,0.03498568242849215
2019-09,-0.6951,False,0,0.0,1.0,0.0,0.00549446446757762,0.054945148062351734,-0.021913424388693592,0.05813954520645814,16.239999771118164,0.02682490522646863,0.08955214046578441,-0.12318156428610949,0.04222886433449391,0.14188011491030683,0.00438849139966857,-0.011454481664705715
2019-10,-0.6951,False,0,0.0,1.0,0.0,0.0,0.24043729206402897,0.09843318501440046,0.00549446446757762,13.220000267028809,0.03619807230077976,0.06587526311096337,-0.03199593050617977,0.05366303822960328,0.14307407838531194,0.10179358674046401,-0.0035470887307010868
2019-11,-0.6951,False,0,0.0,1.0,0.0,0.04918046328674608,-0.04911755004835727,0.11482775748765572,0.0,12.619999885559082,0.024020956304908525,-0.05279295506000059,-0.021302231278470196,0.03981401758392189,0.005652164481620092,0.12072217148996356,-0.012331501213848295
2019-12,-0.6951,False,0,0.0,1.0,0.0,0.1822916413999327,-0.07285551537178381,0.06257006920931185,0.04918046328674608,13.779999732971191,0.0045111430456798995,-0.19524876034014316,-0.03157174554554987,0.04331863127268876,-0.12040810739701702,0.1495395596987079,-0.01149817411551692
2020-01,-0.6951,False,0,0.0,1.0,0.0,-0.23342964933808197,-0.11447906956533083,0.004471442941377246,0.1822916413999327,18.84000015258789,-0.07916606379261992,-0.09182237078238142,0.025348215551638464,-0.073009759326639,-0.03611357516142788,0.16765491161394808,-0.013351682647416874
2020-02,-0.6951,False,0,0.0,1.0,0.0,0.022988572315591815,0.1724138536202351,0.6264366651143809,-0.23342964933808197,40.11000061035156,-0.12998732597449325,0.03324587158610637,0.19121806357482374,-0.09052850281170022,0.1144232678777739,0.40927281328937704,0.027298827132388865
2020-03,-0.6951,False,0,0.0,1.0,0.0,0.12921342001772684,0.1460674003096738,0.589887423114464,0.022988572315591815,53.540000915527344,0.13361061587117984,0.2033883350882124,0.3126742165977996,0.14330370018407557,0.30690104054604994,0.46363933127568524,0.01027941083710543
2020-04,-0.6951,False,0,0.0,1.0,0.0,0.014925416217319132,0.13432829018318038,0.4676619020442696,0.12921342001772684,34.150001525878906,0.04764512182745295,0.12901725671767617,0.1336061867810654,0.0717647501623686,0.21140300508900944,0.21881401744653206,0.004420915355294375
2020-05,-0.6951,False,0,0.0,1.0,0.0,0.0,0.38725473099127283,0.3627452315862161,0.014925416217319132,27.510000228881836,0.013275864043893915,0.1528892554356096,0.1997535627850351,0.06655099573237133,0.26457590568177314,0.26665871752267645,0.025040741280319245
2020-06,-0.6951,False,0,0.0,1.0,0.0,0.11764694435467193,0.38725473099127283,0.5686274216294032,0.0,30.43000030517578,0.0635518979192169,0.09081514115023914,0.222689439328706,0.05976006993895355,0.11993126171523039,0.2505226699350176,0.027528310649872434
2020-07,-0.6951,False,0,0.0,1.0,0.0,0.2412280443286785,0.29385991228981867,0.5657897345015166,0.11764694435467193,24.459999084472656,0.06979658395640453,0.004064534918385876,0.14276344846107558,0.11880841794246,0.006117710065427939,0.17283817078821628,0.019331566768748087
2020-08,-0.6951,False,0,0.0,1.0,0.0,0.0,-0.017667627190244617,0.1802711945974731,0.2412280443286785,26.40999984741211,-0.04128115562709145,0.04064944410616267,0.09790837817340181,-0.055443175085471474,0.0016470437492484002,0.06260238724793021,0.00855745059453796
2020-09,-0.3435,False,2,0.5,0.0,1.0,0.04240306058312293,0.13074216766846347,0.1802711945974731,0.0,26.3700008392334,-0.02103051061449679,0.12089518489760653,0.1932651792846145,-0.04793855548531356,0.11660662817803669,0.14322307611206586,0.08766706620566471
2020-10,0.7114,False,7,0.5714,0.0,1.0,-0.057627121451239605,0.21016944696157114,0.2881999932508572,0.04240306058312293,38.02000045776367,0.1087765593587029,0.13813744905745895,0.2875949474798949,0.113837012451518,0.16570671508400991,0.26574889258038725,0.0838356374863994
2020-11,2.4696,True,25,0.36,0.0,1.0,0.15107900234847493,0.20149882795937502,0.6079940420352865,-0.057627121451239605,20.56999969482422,0.03264681724902019,0.05502230784010087,0.168900633159488,0.05296413339627071,0.06085511246608477,0.12581148886474192,0.06936724424729875
2020-12,2.4696,True,35,0.2571,0.0,1.0,0.11562509244529862,0.04380222861161709,0.443822363794079,0.15107900234847493,22.75,-0.005971430365202424,0.06456446183558096,0.15355872718084762,-0.006073946691280696,0.023836906626158116,0.14071932370350448,0.057275154635872294
2021-01,1.4147,False,31,0.1935,0.0,1.0,-0.06437903227530994,0.06447902521849391,0.38942512611385416,0.11562509244529862,33.09000015258789,0.027805565577667446,0.13131761769741268,0.19270830611270662,0.013650924218949978,0.08582105275868424,0.19449036919225815,0.08245498836061811
2021-02,0.3598,False,18,0.1667,0.0,1.0,0.0,0.33832343787326247,0.6976049308381347,-0.06437903227530994,27.950000762939453,0.04198659601948562,0.10793925822528339,0.1949761876895122,0.016221280791722137,0.06123020536485724,0.22034712724044225,0.08211801304238923
2021-03,0.0081,False,7,0.2857,0.0,1.0,0.13772463629921639,0.3832336473495912,0.44311389617707,0.0,19.399999618530273,0.056358796144081236,0.08359687791175929,0.08988497504339343,0.054099365419754575,0.11416116797596998,0.12875225533637336,0.031183500275057823
2021-04,0.0081,False,17,0.1176,0.0,1.0,0.1763157755171343,0.305263037783823,0.2657895713800593,0.13772463629921639,18.610000610351562,0.006566253466153471,0.0542647683152353,0.10766510259438267,-0.009305469124824772,0.10008031816797414,0.16042039150965026,0.031183500275057823
2021-05,-0.6951,False,16,0.0,1.0,0.0,0.03355706715238882,0.2684564005961134,-0.13199106704199737,0.1763157755171343,16.760000228881836,0.019093252531928284,0.07855749204486706,0.09159764024300787,0.06690733396499238,0.14993629192911984,0.22345771946640092,0.0470704295610734
2021-06,-0.3435,False,25,0.04,0.0,1.0,0.07359296658440218,0.04329004643735712,-0.14372295945951308,0.03355706715238882,15.829999923706055,0.027763999856495802,0.005802985648825532,0.11676036416458091,0.04077758103721063,0.01309602935355425,0.18173585730498387,0.08606091238913571
2021-07,1.7664,True,34,0.2059,0.0,1.0,0.14314527523149834,-0.030241771398648254,-0.4080644190183831,0.07359296658440218,18.239999771118164,0.029759891958028195,0.05065172989180278,0.032900247965059304,0.035593107570810245,0.05485060712854484,0.059725377679187064,0.06647392318978802
2021-08,3.5246,True,50,0.24,0.0,1.0,-0.14991181401400533,-0.31569667467476203,-0.47087315166212407,0.14314527523149834,16.479999542236328,-0.04965007094072771,0.012090359850375432,-0.026557407175543557,-0.06005263829455354,0.06393521802320223,-0.026608405891193954,0.05946856887963862
2021-09,4.5795,True,76,0.1974,0.0,1.0,-0.002074622422583494,-0.17925312959275808,-0.656829431105057,-0.14991181401400533,23.139999389648438,0.07359198548528068,0.11031720933317635,0.05951136601573692,0.08367304918114793,0.16645986467742535,0.06824730571925386,0.09405595346410667
2021-10,2.4696,True,65,0.1385,0.0,1.0,-0.19334727966271326,-0.38960499274613547,-0.639483185082959,-0.002074622422583494,16.260000228881836,-0.00803469888293773,-0.016895686193341697,-0.09693651921988311,0.04451186854406286,0.004621289989027222,-0.12121982576236667,0.06907065112843912
2021-11,0.4284,False,54,0.0926,0.361,0.639,0.01958764833791493,-0.22676563337407318,-0.547400176128525,-0.19334727966271326,27.190000534057617,0.042584657440141616,-0.03818608353470776,-0.08756692389862841,0.030524089968537726,-0.0851025723940474,-0.16443985367370784,0.0457707746748058
2021-12,-0.3435,False,26,0.0385,0.0,1.0,-0.2578361367580452,-0.5818801371430548,-0.6481119287889805,0.01958764833791493,17.219999313354492,-0.049413173706720714,-0.045757953574322996,-0.20045584819842155,-0.06667940358516089,-0.08419711807686703,-0.26614240892376495,-0.015839734521835458
2022-01,-0.3435,False,28,0.0357,0.0,1.0,0.021849127015666214,-0.40937129132332295,-0.33171069818050136,-0.2578361367580452,24.829999923706055,-0.029516992382245477,-0.0814164192979856,-0.07747081603226602,-0.048774666476272155,-0.1252622426036465,-0.1056249401975411,-0.01816797099091444
2022-02,-0.6951,False,20,0.0,1.0,0.0,-0.4486667094817277,-0.4146666995073791,-0.4193334224239438,0.021849127015666214,30.149999618530273,0.03437692058346831,-0.051341366056957605,-0.08819819402639495,0.03154397750791138,-0.08671713230986489,-0.11817965530209029,-0.07340615488132234
2022-03,-0.6951,False,19,0.0,1.0,0.0,0.048367521164771166,-0.15840383949562864,0.027811347745410497,-0.4486667094817277,20.559999465942383,-0.08493504982789024,-0.16211599059541904,-0.20326518660460358,-0.10853003243959203,-0.1986729834970854,-0.2493001644845343,-0.09362217958396102
2022-04,-0.6951,False,10,0.0,1.0,0.0,0.012687519815445247,0.13148800930591853,-0.12341400499545119,0.048367521164771166,33.400001525878906,0.002257283510331387,0.004295312205236934,-0.054680632386934214,-0.006859149414284893,0.022449359525254176,-0.09122596390578486,-0.14341466216191476
2022-05,-0.6951,False,0,0.0,1.0,0.0,-0.2072892827592191,-0.00797276169429817,0.10364468485017042,0.012687519815445247,26.190000534057617,-0.0864070062255119,-0.03885151797569608,-0.004376235509621407,-0.09490905049100284,-0.034449921382846194,-0.027056558747960868,-0.13500763823068898
2022-06,-0.3435,False,9,0.1111,0.0,1.0,0.40948276051165045,0.2212643022627856,0.18965521023300824,-0.2072892827592191,28.709999084472656,0.09680508221445505,-0.04911085012641081,0.02229213603021063,0.13746682514955877,-0.06317917647203741,-0.016115377823301524,-0.10066850498432922
2022-07,-0.3435,False,17,0.1176,0.5,0.5,-0.11213057912525248,-0.22528034959710508,-0.04587162530984068,0.40948276051165045,21.329999923706055,-0.04080198828320858,-0.058723707932750835,-0.0047719545255119344,-0.06212741254374188,-0.11117941673299214,-0.052232414797156235,-0.13848132683385156
2022-08,-0.1246,False,41,0.0732,0.4591,0.5409,-0.024110161893595716,0.11251449782276302,0.0391566977793989,-0.11213057912525248,25.8700008392334,-0.09615872944933457,0.03586884140259494,0.01147558500707957,-0.1218393872422594,0.00765715088074348,0.014712846688138548,-0.027261510622235623
2022-09,0.446,False,37,0.1622,0.4591,0.5409,-0.10588233075404196,-0.02588226968659557,0.12130715946659021,-0.024110161893595716,31.6200008392334,0.08571711123697523,0.07509075707311808,0.1561660867923511,0.07918601037173212,0.050237780231548346,0.27814023457177095,-0.04959146164572207
2022-10,0.9014,False,39,0.2308,0.4955,0.5045,0.2750000627749227,0.23157889979163748,0.17118902232326483,-0.10588233075404196,25.8799991607666,0.05559158500696393,0.05731765886586726,0.08602753768877514,0.06326747732553706,0.06632047349664916,0.18555581262834475,0.02116796295229993
2022-11,1.5871,True,30,0.4,0.4591,0.5409,-0.14551082615772515,-0.0659387362474183,-0.08142041987490001,0.2750000627749227,20.579999923706055,-0.06193587740845663,-0.023548595556254215,0.03358225288035821,-0.0847309009583781,0.007002079825690899,0.21444108427324715,-0.004540345700835595
2022-12,2.4696,True,24,0.375,0.0,1.0,0.13043467037594825,0.1511002464823532,0.021857976897626585,-0.14551082615772515,21.670000076293945,0.06776834112956465,0.07541254464874814,0.16888093683890282,0.0957119989692572,0.21700081508206304,0.4042442145907994,0.03917841145907732
2023-01,0.7114,False,18,0.2222,0.0,1.0,-0.03300700416217717,-0.04903451778736201,-0.013774020433454881,0.13043467037594825,19.399999618530273,-0.025142655042130646,0.027153503568363435,0.13472763442028213,0.004118918927608961,0.11181942211116147,0.317432584554163,0.04947482089265964
2023-02,-0.3435,False,13,0.0769,0.0,1.0,0.0530387425282266,-0.016574591226794055,-0.06187849078085961,-0.03300700416217717,20.700000762939453,0.03313479864832858,0.05850864485074703,0.1450763711429719,0.10613797316673801,0.20599659981185292,0.29223949254719295,0.0029668058700426103
2023-03,0.3598,False,21,0.1429,0.0,1.0,-0.06610709648525082,-0.11227716263607623,-0.1857294386710504,0.0530387425282266,18.700000762939453,0.019852332993601784,0.08691398724633959,0.05206626267452075,0.0010132009748233806,0.1538564290083162,0.09023278395784429,0.016154068363888496
2023-04,1.7664,True,34,0.2059,0.0,1.0,0.0,0.037078630101132104,-0.19101121571981128,-0.06610709648525082,15.779999732971191,0.004616080799331845,0.10473033531814191,0.012752359716075468,0.08917327575914191,0.18493395451985917,0.0919882595911885,0.029012219100858883
2023-05,1.6733,True,37,0.2432,0.2516,0.7484,-0.04943828781336945,-0.046067448684878776,0.006741506739191161,0.0,17.940000534057617,0.060859227578755615,0.08178272961051825,0.10018232396379578,0.05831509965101711,0.07151172130070238,0.13187319105339879,0.035641424812324074
2023-06,1.6733,True,41,0.2195,0.2516,0.7484,0.09101662396593024,-0.08274235261659968,0.16903086019113123,-0.04943828781336945,13.59000015258789,0.03656942777723482,-0.03206116121488545,0.08003611134680089,0.027974105736105592,-0.05514000134761421,0.11178612287087697,-0.010191918983496381
2023-07,0.4284,False,39,0.2564,0.6805,0.3195,-0.08017336041135348,-0.21993495883595715,0.059588320706011055,0.09101662396593024,13.630000114440918,-0.01625193827527993,-0.08325830536334322,0.06281927147559307,-0.01508271659216498,-0.07843955738978936,0.11320017279328565,0.005820170740562902
2023-08,0.2726,False,45,0.2889,0.7883,0.2117,-0.08598359641779363,0.055359213134372975,0.11318529258616761,-0.08017336041135348,13.569999694824219,-0.050782730440929624,0.017008585781270513,0.13675896965012124,-0.06677679417616278,0.056332999959556096,0.18342088930530376,-0.0007495036611067651
2023-09,0.8085,False,59,0.2881,0.7485,0.2515,-0.072164805480323,0.2744847246855313,0.10835810631108989,-0.08598359641779363,17.520000457763672,-0.01825779093464608,0.11581028477210675,0.2329072913570862,0.0026250166428387622,0.1766675745153472,0.2760039851775369,-0.008610563035969484
2023-10,1.2703,False,53,0.2453,0.5701,0.4299,0.24444433136975596,0.35833329888088916,0.29874064125857225,-0.072164805480323,18.139999389648438,0.09134364769593661,0.15934431442744956,0.20894587157980138,0.12895538978149212,0.20795134135779336,0.20131608056441674,-0.03178095286030619
2023-11,-0.12,False,65,0.2308,0.891,0.109,0.10379473640811199,0.054792793517245864,0.06707079387297687,0.24444433136975596,12.920000076293945,0.04143308784720534,0.1177476626481555,0.16378926350643375,0.039533448373016755,0.12031044126294765,0.13940106923736262,-0.03279057102615155
2023-12,0.7755,False,46,0.1739,0.4772,0.5228,-0.011122364843819232,-0.13034806550186928,-0.06461853190340616,0.10379473640811199,12.449999809265137,0.020045489673743422,0.10494347308233976,0.15319323612521574,0.02928155747934258,0.08442181361469481,0.1798811400567486,0.007950150868807774
2024-01,1.2604,False,47,0.1915,0.3821,0.6179,-0.03364592935793931,-0.04387189629483024,-0.021374784642139932,-0.011122364843819232,14.350000381469727,0.052186823342878386,0.04278414663796215,0.1479123114711176,0.047045909540209374,-0.005492986816769019,0.11061212198278403,0.03348898823905468
2024-02,0.7114,False,24,0.1667,0.0,1.0,-0.08994711216665674,0.011640201214107249,-0.030687832567947826,-0.03364592935793931,13.399999618530273,0.02950310836926473,0.04119140875606653,0.1164688179605724,0.0062324743907460345,0.01704048027339078,0.06812729706674658,0.016465823437429767
2024-03,0.7114,False,23,0.1739,0.0,1.0,0.08720933121820607,0.0755814263052208,0.027907025036144395,-0.08994711216665674,13.010000228881836,-0.03733784451969746,0.04366717775007878,0.10386667293331353,-0.056061290355904236,0.08802785525298495,0.08767224014996322,0.024220395279665463
2024-04,-0.3435,False,25,0.04,0.0,1.0,0.02245988030266899,0.023529390638670655,-0.05133690424466553,0.08720933121820607,15.649999618530273,0.050579723908376284,0.10081488596858579,0.13993464347376627,0.07076979909729952,0.11674639520934327,0.13634151608864742,0.023559809321521612
2024-05,0.3598,False,29,0.1034,0.0,1.0,-0.032426764046906364,-0.04184099616766479,-0.03556489464071799,0.02245988030266899,12.920000076293945,0.03195108465249685,0.0722992992176541,0.14975832066411665,0.07646547235068946,0.05023085883427503,0.11610485404283466,0.05012216543794312
2024-06,0.3598,False,33,0.0909,0.0,1.0,0.03459457095781726,-0.04432430693122402,-0.061621633662998776,-0.032426764046906364,12.4399995803833,0.015374300833944421,0.05768074005451784,0.08370543304640643,-0.031145989319825484,-0.0003268437488110898,0.03145616642815385,0.01312475692676196
2024-07,0.0081,False,31,0.0645,0.0,1.0,-0.042842199423286265,-0.07314523214288993,-0.0940439496449228,0.03459457095781726,16.360000610351562,0.02336543235242594,0.035537089844819514,0.09964876329470074,0.006992716111659192,0.017546616638624668,0.05851673482423392,-0.009578826482407765
2024-08,-0.6951,False,24,0.0,1.0,0.0,-0.034934474167840124,0.006550167041007082,-0.16473780918916336,-0.042842199423286265,15.0,0.017882589041745556,0.07223638167345303,0.060900614803826914,0.02464484573867387,0.06272334759014586,0.027119776129068907,-0.001959337182135016
2024-09,-0.6951,False,20,0.0,1.0,0.0,0.0033936384969088795,-0.018099577981554704,-0.23066848091230507,-0.034934474167840124,16.729999542236328,-0.005883619914829885,0.02460543338488619,-0.01876352201271525,-0.013823553808964384,0.0317934016515482,-0.08225633228513263,-0.0034920488596928423
2024-10,-0.1246,False,25,0.12,0.4591,0.5409,0.03945879922756412,-0.02254799589621881,-0.06864919726061247,0.0033936384969088795,23.15999984741211,0.05963336231606009,0.061911518262941945,-0.018570505490365652,0.0517008781378856,0.04026362774508585,-0.052000955869866194,0.005676724140109927
2024-11,0.1409,False,33,0.1212,0.4056,0.5944,-0.05856828788202362,-0.17017331260667523,-0.09966509561247106,0.03945879922756412,13.510000228881836,-0.027333851839333567,-0.01057207819411432,-0.015595908470046105,-0.005176847514632321,-0.03350220124721315,-0.008709001745950795,-0.008292557980106271
2024-12,0.1409,False,27,0.1481,0.4056,0.5944,-0.0011521526412334726,-0.21648723044011198,-0.13122257164091977,-0.05856828788202362,17.350000381469727,0.030312352550008415,-0.042327469662470585,0.060937639631928775,-0.005727807650877659,-0.11053543641016328,0.09276726623454978,-0.0054594048259570815
2025-01,-0.3435,False,11,0.0909,0.0,1.0,-0.11753145072761151,-0.047164670153460375,-0.16713424161795865,-0.0011521526412334726,16.43000030517578,-0.012694732544601295,-0.07578976437223206,0.056554697554167976,-0.022875974362412177,-0.0886934630358539,0.14222752303525854,-0.009816325465143291
2025-02,0.0081,False,15,0.1333,0.0,1.0,-0.11111105569512625,0.08496740110358059,-0.10065349410973523,-0.11753145072761151,19.6299991607666,-0.05855127922553982,-0.005077510109844363,0.09209861143025977,-0.08446771185994728,0.025652618695310547,0.16767862337896755,-0.015774112731651746
2025-03,0.0081,False,19,0.1053,0.0,1.0,0.2147058160126769,0.10882357264845433,-0.014705860899621892,-0.11111105569512625,22.280000686645508,-0.0056880698198228385,0.10782924854073439,0.1980181306256943,0.018687855031014333,0.22856751237417816,0.3697346597677069,-0.02822232128237262
2025-04,-0.1246,False,20,0.15,0.4591,0.5409,0.004842682117920605,-0.1259079798015258,-0.17675540298099324,0.2147058160126769,24.700000762939453,0.06284498603412603,0.14319735577966752,0.23701262773291942,0.09972854910479523,0.25339551150415773,0.4362309656031862,-0.04091841820358697
2025-05,-0.3435,False,10,0.1,0.0,1.0,-0.0915662406913671,-0.17108430633446725,-0.19759042015261563,0.004842682117920605,18.56999969482422,0.04828711731137414,0.09767205237347976,0.1661387588846146,0.09666099928576788,0.13847378936576216,0.24318048462652864,-0.005699721950958969
2025-06,-0.3435,False,10,0.1,0.0,1.0,-0.04244039642005082,-0.11140585084516463,-0.10344838404563728,-0.0915662406913671,16.729999542236328,0.02605592955723468,0.08141045400612001,0.11003010054330864,0.03927441696081391,0.11490385833231631,0.14041736393166682,-0.011469074802566223
2025-07,-0.3435,False,31,0.0323,0.0,1.0,-0.04709132491178358,-0.058171705043047806,0.022160760262528445,-0.04244039642005082,16.719999313354492,0.020519537835420598,0.08206393364973219,0.1010295556601215,-0.0011037082217165706,0.1458721149237352,0.09829825545527382,-0.01696873360412347
2025-08,0.0081,False,37,0.0541,0.0,1.0,-0.02616281778096019,-0.03197685122950944,-0.15973114143606848,-0.04709132491178358,15.359999656677246,0.03275713817185344,0.062374464543476726,0.06956748100048382,0.07395672241819451,0.09197110749391779,0.060385281671345714,-0.023850107567259693
2025-09,-0.3435,False,35,0.1143,0.75,0.25,0.014925351035832923,0.008955119507703113,-0.3073368587539118,-0.02616281778096019,16.280000686645508,0.02667595931623068,0.026465109923032637,-0.01817813743111707,0.06814194358457293,0.022884040994811672,-0.05433437786214934,-0.012110086597955039
2025-10,-0.1421,False,25,0.2,0.6855,0.3145,-0.02058829503336057,0.0852941727655867,-0.3116396785780534,0.014925351035832923,17.440000534057617,0.0019499438514807288,0.017527265645403745,0.059660434202017054,-0.048091077705214036,-0.04151759943266242,0.06385885605926767,0.002047953054405971
2025-11,0.729,False,38,0.1579,0.325,0.675,0.01501499402656492,-0.1319744164887201,,-0.02058829503336057,16.350000381469727,-0.0021511202145568786,0.006770697806726789,,0.0060093939681320485,-0.028925514242828188,,-0.03124879110840136
2025-12,0.729,False,42,0.1429,0.325,0.675,0.09171612093975545,-0.3134846854396679,,0.01501499402656492,14.949999809265137,0.017736279088188978,-0.04349222094601646,,0.0008908275056329629,-0.07549088240917512,,-0.035487287300281556
2026-01,0.1409,False,32,0.125,0.4056,0.5944,-0.21665992683343194,-0.3657384894384521,,0.09171612093975545,17.440000534057617,-0.008641951723092456,0.041407409883890134,,-0.03558535174154043,0.10994093937411509,,-0.01772374818062622
2026-02,-0.1246,False,17,0.1765,0.4591,0.5409,-0.19723179691449066,,,-0.21665992683343194,19.860000610351562,-0.05196861816263498,,,-0.042231187466157394,,,0.004635671379341492
2026-03,0.0081,False,14,0.1429,0.0,1.0,0.008620640043698113,,,-0.19723179691449066,25.25,0.10807055160424506,,,0.20164277902148298,,,-0.023625762274266566
