ticker,signal_regime,month,date_committed,ps_zscore,high_conviction,V,phi_kw,phi_adj,phi_calibration,H,entropy_gap,ps_raw_live,ps_raw_mean,ps_raw_std,n_corp,n_structural_kw
MSFT,positive,2026-08,2026-08-01,0.7106,False,418,0.2105,0.0795,0.3777,0.3987,0.6013,19.9867,14.9086,7.146,418,88
AMZN,positive,2026-08,2026-08-01,-0.7489,False,291,0.1787,0.0452,0.2532,0.6921,0.3079,4.0542,12.7257,11.5792,291,52
CRM,positive,2026-08,2026-08-01,1.1224,False,485,0.0454,0.0237,0.5235,0.0,1.0,11.517,5.4893,5.3702,485,22
SNOW,positive,2026-08,2026-08-01,-0.8594,False,262,0.2137,0.1128,0.5276,0.9676,0.0324,0.9559,16.9842,18.6503,262,56
DDOG,negative,2026-08,2026-08-01,1.9485,True,1906,0.2508,0.1282,0.511,0.6374,0.3626,88.5598,38.3714,25.7571,1906,478
TWLO,negative,2026-08,2026-08-01,-1.0354,False,22,0.9091,0.8207,0.9028,0.8982,0.1018,1.8373,3.526,1.6309,22,20
BABA,positive,2026-08,2026-08-01,1.3088,False,1861,0.9172,0.3669,0.4,0.8296,0.1704,116.3754,46.6576,53.2665,1861,1707
GTLB,negative,2026-08,2026-08-01,1.2882,False,530,0.1623,0.0829,0.511,0.1712,0.8288,36.4212,24.8627,8.9724,530,86
MNDY,negative,2026-08,2026-08-01,-1.9365,False,118,0.1271,0.065,0.511,0.6365,0.3635,2.7866,25.0645,11.5045,118,15
